"instrument","field","scale","disposition","note"
"csie","Angle","PA","not-published-in-source","source publishes no value for this field"
"csie","Angle","BC","not-published-in-source","source publishes no value for this field"
"csie","Angle","DE","not-published-in-source","source publishes no value for this field"
"csie","Angle","FG","not-published-in-source","source publishes no value for this field"
"csie","Angle","HI","not-published-in-source","source publishes no value for this field"
"csie","Angle","JK","not-published-in-source","source publishes no value for this field"
"csie","Angle","LM","not-published-in-source","source publishes no value for this field"
"csie","Angle","NO","not-published-in-source","source publishes no value for this field"
"csie","Population","—","intended-deviation","package ships a short standardised population summary; the source description is recorded in the source note"
"csig","Angle","PA","not-published-in-source","source publishes no value for this field"
"csig","Angle","BC","not-published-in-source","source publishes no value for this field"
"csig","Angle","DE","not-published-in-source","source publishes no value for this field"
"csig","Angle","FG","not-published-in-source","source publishes no value for this field"
"csig","Angle","HI","not-published-in-source","source publishes no value for this field"
"csig","Angle","JK","not-published-in-source","source publishes no value for this field"
"csig","Angle","LM","not-published-in-source","source publishes no value for this field"
"csig","Angle","NO","not-published-in-source","source publishes no value for this field"
"csig","Population","—","intended-deviation","package ships a short standardised population summary; the source description is recorded in the source note"
"csip","Angle","PA","not-published-in-source","source publishes no value for this field"
"csip","Angle","BC","not-published-in-source","source publishes no value for this field"
"csip","Angle","DE","not-published-in-source","source publishes no value for this field"
"csip","Angle","FG","not-published-in-source","source publishes no value for this field"
"csip","Angle","HI","not-published-in-source","source publishes no value for this field"
"csip","Angle","JK","not-published-in-source","source publishes no value for this field"
"csip","Angle","LM","not-published-in-source","source publishes no value for this field"
"csip","Angle","NO","not-published-in-source","source publishes no value for this field"
"csip","Items","PA","not-published-in-source","source publishes no value for this field"
"csip","Items","BC","not-published-in-source","source publishes no value for this field"
"csip","Items","DE","not-published-in-source","source publishes no value for this field"
"csip","Items","FG","not-published-in-source","source publishes no value for this field"
"csip","Items","HI","not-published-in-source","source publishes no value for this field"
"csip","Items","JK","not-published-in-source","source publishes no value for this field"
"csip","Items","LM","not-published-in-source","source publishes no value for this field"
"csip","Items","NO","not-published-in-source","source publishes no value for this field"
"csip","Population","—","intended-deviation","package ships a short standardised population summary; the source description is recorded in the source note"
"csiv","Population","—","intended-deviation","package ships a short standardised population summary; the source description is recorded in the source note"
"iitc","Angle","PA","not-published-in-source","source publishes no value for this field"
"iitc","Angle","BC","not-published-in-source","source publishes no value for this field"
"iitc","Angle","DE","not-published-in-source","source publishes no value for this field"
"iitc","Angle","FG","not-published-in-source","source publishes no value for this field"
"iitc","Angle","HI","not-published-in-source","source publishes no value for this field"
"iitc","Angle","JK","not-published-in-source","source publishes no value for this field"
"iitc","Angle","LM","not-published-in-source","source publishes no value for this field"
"iitc","Angle","NO","not-published-in-source","source publishes no value for this field"
"iitc","Items","PA","not-published-in-source","source publishes no value for this field"
"iitc","Items","BC","not-published-in-source","source publishes no value for this field"
"iitc","Items","DE","not-published-in-source","source publishes no value for this field"
"iitc","Items","FG","not-published-in-source","source publishes no value for this field"
"iitc","Items","HI","not-published-in-source","source publishes no value for this field"
"iitc","Items","JK","not-published-in-source","source publishes no value for this field"
"iitc","Items","LM","not-published-in-source","source publishes no value for this field"
"iitc","Items","NO","not-published-in-source","source publishes no value for this field"
"iitc","Population","—","intended-deviation","package ships a short standardised population summary; the source description is recorded in the source note"
"csie","URL","—","transcription-error","URL pointed at a retired uidaho.edu path that no longer serves the cited norms table; repointed at the live page on this branch"
"csiv","URL","—","transcription-error","URL pointed at a retired uidaho.edu path that no longer serves the cited norms table; repointed at the live page on this branch"
"csiv","Reference","—","transcription-error","norms credited to Locke (2000), whose article publishes no octant statistics and a different sample; corrected on this branch to credit the website data alongside the instrument's article"
"iis32","Angle","PA","not-published-in-source","source publishes CIRCUM angle ESTIMATES per sample, not an assigned degree convention (IP2)"
"iis32","Angle","BC","not-published-in-source","source publishes CIRCUM angle ESTIMATES per sample, not an assigned degree convention (IP2)"
"iis32","Angle","DE","not-published-in-source","source publishes CIRCUM angle ESTIMATES per sample, not an assigned degree convention (IP2)"
"iis32","Angle","FG","not-published-in-source","source publishes CIRCUM angle ESTIMATES per sample, not an assigned degree convention (IP2)"
"iis32","Angle","HI","not-published-in-source","source publishes CIRCUM angle ESTIMATES per sample, not an assigned degree convention (IP2)"
"iis32","Angle","JK","not-published-in-source","source publishes CIRCUM angle ESTIMATES per sample, not an assigned degree convention (IP2)"
"iis32","Angle","LM","not-published-in-source","source publishes CIRCUM angle ESTIMATES per sample, not an assigned degree convention (IP2)"
"iis32","Angle","NO","not-published-in-source","source publishes CIRCUM angle ESTIMATES per sample, not an assigned degree convention (IP2)"
"iis32","M","PA","source-not-identified","shipped value has no identified published source: the cited article publishes no such statistic for any sample it reports; the 2018 correspondence that supplied it is unrecoverable. Value ships unchanged and the instrument's printed credit says so."
"iis32","M","BC","source-not-identified","shipped value has no identified published source: the cited article publishes no such statistic for any sample it reports; the 2018 correspondence that supplied it is unrecoverable. Value ships unchanged and the instrument's printed credit says so."
"iis32","M","DE","source-not-identified","shipped value has no identified published source: the cited article publishes no such statistic for any sample it reports; the 2018 correspondence that supplied it is unrecoverable. Value ships unchanged and the instrument's printed credit says so."
"iis32","M","FG","source-not-identified","shipped value has no identified published source: the cited article publishes no such statistic for any sample it reports; the 2018 correspondence that supplied it is unrecoverable. Value ships unchanged and the instrument's printed credit says so."
"iis32","M","HI","source-not-identified","shipped value has no identified published source: the cited article publishes no such statistic for any sample it reports; the 2018 correspondence that supplied it is unrecoverable. Value ships unchanged and the instrument's printed credit says so."
"iis32","M","JK","source-not-identified","shipped value has no identified published source: the cited article publishes no such statistic for any sample it reports; the 2018 correspondence that supplied it is unrecoverable. Value ships unchanged and the instrument's printed credit says so."
"iis32","M","LM","source-not-identified","shipped value has no identified published source: the cited article publishes no such statistic for any sample it reports; the 2018 correspondence that supplied it is unrecoverable. Value ships unchanged and the instrument's printed credit says so."
"iis32","M","NO","source-not-identified","shipped value has no identified published source: the cited article publishes no such statistic for any sample it reports; the 2018 correspondence that supplied it is unrecoverable. Value ships unchanged and the instrument's printed credit says so."
"iis32","SD","PA","source-not-identified","shipped value has no identified published source: the cited article publishes no such statistic for any sample it reports; the 2018 correspondence that supplied it is unrecoverable. Value ships unchanged and the instrument's printed credit says so."
"iis32","SD","BC","source-not-identified","shipped value has no identified published source: the cited article publishes no such statistic for any sample it reports; the 2018 correspondence that supplied it is unrecoverable. Value ships unchanged and the instrument's printed credit says so."
"iis32","SD","DE","source-not-identified","shipped value has no identified published source: the cited article publishes no such statistic for any sample it reports; the 2018 correspondence that supplied it is unrecoverable. Value ships unchanged and the instrument's printed credit says so."
"iis32","SD","FG","source-not-identified","shipped value has no identified published source: the cited article publishes no such statistic for any sample it reports; the 2018 correspondence that supplied it is unrecoverable. Value ships unchanged and the instrument's printed credit says so."
"iis32","SD","HI","source-not-identified","shipped value has no identified published source: the cited article publishes no such statistic for any sample it reports; the 2018 correspondence that supplied it is unrecoverable. Value ships unchanged and the instrument's printed credit says so."
"iis32","SD","JK","source-not-identified","shipped value has no identified published source: the cited article publishes no such statistic for any sample it reports; the 2018 correspondence that supplied it is unrecoverable. Value ships unchanged and the instrument's printed credit says so."
"iis32","SD","LM","source-not-identified","shipped value has no identified published source: the cited article publishes no such statistic for any sample it reports; the 2018 correspondence that supplied it is unrecoverable. Value ships unchanged and the instrument's printed credit says so."
"iis32","SD","NO","source-not-identified","shipped value has no identified published source: the cited article publishes no such statistic for any sample it reports; the 2018 correspondence that supplied it is unrecoverable. Value ships unchanged and the instrument's printed credit says so."
"iis32","Size","—","source-not-identified","shipped N of 1380 appears nowhere in the article, whose samples are 1,377 / 956 / 497"
"iis32","Population","—","source-not-identified","the shipped norm sample is unidentified, so the article describes no population for it"
"iis64","Angle","PA","not-published-in-source","source publishes CIRCUM angle ESTIMATES with Connect fixed at 0 deg, not an assigned degree convention (IP2)"
"iis64","Angle","BC","not-published-in-source","source publishes CIRCUM angle ESTIMATES with Connect fixed at 0 deg, not an assigned degree convention (IP2)"
"iis64","Angle","DE","not-published-in-source","source publishes CIRCUM angle ESTIMATES with Connect fixed at 0 deg, not an assigned degree convention (IP2)"
"iis64","Angle","FG","not-published-in-source","source publishes CIRCUM angle ESTIMATES with Connect fixed at 0 deg, not an assigned degree convention (IP2)"
"iis64","Angle","HI","not-published-in-source","source publishes CIRCUM angle ESTIMATES with Connect fixed at 0 deg, not an assigned degree convention (IP2)"
"iis64","Angle","JK","not-published-in-source","source publishes CIRCUM angle ESTIMATES with Connect fixed at 0 deg, not an assigned degree convention (IP2)"
"iis64","Angle","LM","not-published-in-source","source publishes CIRCUM angle ESTIMATES with Connect fixed at 0 deg, not an assigned degree convention (IP2)"
"iis64","Angle","NO","not-published-in-source","source publishes CIRCUM angle ESTIMATES with Connect fixed at 0 deg, not an assigned degree convention (IP2)"
"iis64","Population","—","intended-deviation","package ships a short standardised population summary; the source description is recorded in the source note"
"ipipipc","Angle","PA","not-published-in-source","source publishes no value for this field"
"ipipipc","Angle","BC","not-published-in-source","source publishes no value for this field"
"ipipipc","Angle","DE","not-published-in-source","source publishes no value for this field"
"ipipipc","Angle","FG","not-published-in-source","source publishes no value for this field"
"ipipipc","Angle","HI","not-published-in-source","source publishes no value for this field"
"ipipipc","Angle","JK","not-published-in-source","source publishes no value for this field"
"ipipipc","Angle","LM","not-published-in-source","source publishes no value for this field"
"ipipipc","Angle","NO","not-published-in-source","source publishes no value for this field"
"ipipipc","M","PA","source-not-identified","shipped value has no identified published source: the article publishes octant statistics only for Study 1's combined sample (p. 353), which these are not, and the shipped sample (Study 2, n = 274) has no descriptive statistics reported. The 2018 correspondence that supplied it is unrecoverable. Value ships unchanged and the instrument's printed credit says so."
"ipipipc","M","BC","source-not-identified","shipped value has no identified published source: the article publishes octant statistics only for Study 1's combined sample (p. 353), which these are not, and the shipped sample (Study 2, n = 274) has no descriptive statistics reported. The 2018 correspondence that supplied it is unrecoverable. Value ships unchanged and the instrument's printed credit says so."
"ipipipc","M","DE","source-not-identified","shipped value has no identified published source: the article publishes octant statistics only for Study 1's combined sample (p. 353), which these are not, and the shipped sample (Study 2, n = 274) has no descriptive statistics reported. The 2018 correspondence that supplied it is unrecoverable. Value ships unchanged and the instrument's printed credit says so."
"ipipipc","M","FG","source-not-identified","shipped value has no identified published source: the article publishes octant statistics only for Study 1's combined sample (p. 353), which these are not, and the shipped sample (Study 2, n = 274) has no descriptive statistics reported. The 2018 correspondence that supplied it is unrecoverable. Value ships unchanged and the instrument's printed credit says so."
"ipipipc","M","HI","source-not-identified","shipped value has no identified published source: the article publishes octant statistics only for Study 1's combined sample (p. 353), which these are not, and the shipped sample (Study 2, n = 274) has no descriptive statistics reported. The 2018 correspondence that supplied it is unrecoverable. Value ships unchanged and the instrument's printed credit says so."
"ipipipc","M","JK","source-not-identified","shipped value has no identified published source: the article publishes octant statistics only for Study 1's combined sample (p. 353), which these are not, and the shipped sample (Study 2, n = 274) has no descriptive statistics reported. The 2018 correspondence that supplied it is unrecoverable. Value ships unchanged and the instrument's printed credit says so."
"ipipipc","M","LM","source-not-identified","shipped value has no identified published source: the article publishes octant statistics only for Study 1's combined sample (p. 353), which these are not, and the shipped sample (Study 2, n = 274) has no descriptive statistics reported. The 2018 correspondence that supplied it is unrecoverable. Value ships unchanged and the instrument's printed credit says so."
"ipipipc","M","NO","source-not-identified","shipped value has no identified published source: the article publishes octant statistics only for Study 1's combined sample (p. 353), which these are not, and the shipped sample (Study 2, n = 274) has no descriptive statistics reported. The 2018 correspondence that supplied it is unrecoverable. Value ships unchanged and the instrument's printed credit says so."
"ipipipc","SD","PA","source-not-identified","shipped value has no identified published source: the article publishes octant statistics only for Study 1's combined sample (p. 353), which these are not, and the shipped sample (Study 2, n = 274) has no descriptive statistics reported. The 2018 correspondence that supplied it is unrecoverable. Value ships unchanged and the instrument's printed credit says so."
"ipipipc","SD","BC","source-not-identified","shipped value has no identified published source: the article publishes octant statistics only for Study 1's combined sample (p. 353), which these are not, and the shipped sample (Study 2, n = 274) has no descriptive statistics reported. The 2018 correspondence that supplied it is unrecoverable. Value ships unchanged and the instrument's printed credit says so."
"ipipipc","SD","DE","source-not-identified","shipped value has no identified published source: the article publishes octant statistics only for Study 1's combined sample (p. 353), which these are not, and the shipped sample (Study 2, n = 274) has no descriptive statistics reported. The 2018 correspondence that supplied it is unrecoverable. Value ships unchanged and the instrument's printed credit says so."
"ipipipc","SD","FG","source-not-identified","shipped value has no identified published source: the article publishes octant statistics only for Study 1's combined sample (p. 353), which these are not, and the shipped sample (Study 2, n = 274) has no descriptive statistics reported. The 2018 correspondence that supplied it is unrecoverable. Value ships unchanged and the instrument's printed credit says so."
"ipipipc","SD","HI","source-not-identified","shipped value has no identified published source: the article publishes octant statistics only for Study 1's combined sample (p. 353), which these are not, and the shipped sample (Study 2, n = 274) has no descriptive statistics reported. The 2018 correspondence that supplied it is unrecoverable. Value ships unchanged and the instrument's printed credit says so."
"ipipipc","SD","JK","source-not-identified","shipped value has no identified published source: the article publishes octant statistics only for Study 1's combined sample (p. 353), which these are not, and the shipped sample (Study 2, n = 274) has no descriptive statistics reported. The 2018 correspondence that supplied it is unrecoverable. Value ships unchanged and the instrument's printed credit says so."
"ipipipc","SD","LM","source-not-identified","shipped value has no identified published source: the article publishes octant statistics only for Study 1's combined sample (p. 353), which these are not, and the shipped sample (Study 2, n = 274) has no descriptive statistics reported. The 2018 correspondence that supplied it is unrecoverable. Value ships unchanged and the instrument's printed credit says so."
"ipipipc","SD","NO","source-not-identified","shipped value has no identified published source: the article publishes octant statistics only for Study 1's combined sample (p. 353), which these are not, and the shipped sample (Study 2, n = 274) has no descriptive statistics reported. The 2018 correspondence that supplied it is unrecoverable. Value ships unchanged and the instrument's printed credit says so."
"ipipipc","Population","—","intended-deviation","package ships a short standardised population summary; the source description is recorded in the source note"
"isc","Angle","PA","not-published-in-source","source publishes no value for this field"
"isc","Angle","BC","not-published-in-source","source publishes no value for this field"
"isc","Angle","DE","not-published-in-source","source publishes no value for this field"
"isc","Angle","FG","not-published-in-source","source publishes no value for this field"
"isc","Angle","HI","not-published-in-source","source publishes no value for this field"
"isc","Angle","JK","not-published-in-source","source publishes no value for this field"
"isc","Angle","LM","not-published-in-source","source publishes no value for this field"
"isc","Angle","NO","not-published-in-source","source publishes no value for this field"
"isc","Items","PA","not-published-in-source","the article prints no item list, only seven example items"
"isc","Items","BC","not-published-in-source","the article prints no item list, only seven example items"
"isc","Items","DE","not-published-in-source","the article prints no item list, only seven example items"
"isc","Items","FG","not-published-in-source","the article prints no item list, only seven example items"
"isc","Items","HI","not-published-in-source","the article prints no item list, only seven example items"
"isc","Items","JK","not-published-in-source","the article prints no item list, only seven example items"
"isc","Items","LM","not-published-in-source","the article prints no item list, only seven example items"
"isc","Items","NO","not-published-in-source","the article prints no item list, only seven example items"
"isc","Population","—","intended-deviation","package ships a short standardised population summary; the source description is recorded in the source note"
